Date,11408000,11411500,11412000,11412500,11413000,11409500,11410000,11409000,11407800
10/31/1921,0,8.768132231,0.086697521,0.513421488,,0.500509091,2.889917355,,
11/30/1921,0,9.990743802,0.158876033,0.618842975,,0.928264463,3.510743802,,
12/31/1921,0,15.19358678,0.873123967,1.352727273,,4.888264463,12.91239669,,
1/31/1922,0,19.55920661,0.873123967,1.082181818,,5.189553719,12.72793388,,
2/28/1922,0,25.10280992,2.565818182,2.360330579,,16.57785124,43.0968595,,
3/31/1922,0,34.56833058,3.369520661,2.846876033,,16.15894215,41.81157025,,
4/30/1922,0,66.8231405,4.659173554,5.694545455,,20.90380165,69.08429752,,
5/31/1922,0,193.0710744,8.325421488,11.5166281,,21.73586777,162.5117355,,
6/30/1922,0,184.2247934,3.677355372,4.784132231,,5.361322314,110.0826446,,
7/31/1922,0,40.90155372,0.367080992,0.73785124,,0.971504132,14.69553719,,
8/31/1922,0,17.1734876,0.118056198,0.36892562,,0.277309091,4.242644628,,
9/30/1922,0,10.47272727,0.059504132,0.357024793,,0.147570248,2.618181818,,
10/31/1922,0,12.03927273,0.216436364,0.52387438,,0.588436364,3.873719008,,
11/30/1922,0,13.82876033,0.499239669,1.017520661,,1.921983471,7.795041322,,
12/31/1922,0,33.04958678,2.871471074,3.750743802,,13.87775207,46.60760331,,
1/31/1923,0,28.75160331,2.065983471,3.000595041,,6.456198347,25.88628099,,
2/28/1923,0,22.04271074,1.249586777,2.177057851,,4.226380165,18.77157025,,
3/31/1923,0,31.51239669,1.635570248,3.369520661,,4.476297521,24.28760331,,
4/30/1923,0,64.8,4.010578512,6.31338843,,10.91900826,73.01157025,,
5/31/1923,0,111.292562,2.207404959,2.643966942,,2.988297521,80.73322314,,
6/30/1923,0,59.50413223,0.468297521,1.005619835,,1.225785124,35.58347107,,
7/31/1923,0,27.76165289,0.197375207,0.450089256,,0.45562314,10.14545455,,
8/31/1923,0,16.31266116,0.046238678,0.312971901,,0.197990083,3.320330579,,
9/30/1923,0,12.16859504,0.073785124,0.307636364,,0.358214876,3.272727273,,
10/31/1923,0,11.86095868,0.165401653,0.234267769,,0.73785124,4.058181818,,
11/30/1923,0,8.366280992,0.12614876,0.370710744,,0.963966942,3.21322314,,
12/31/1923,0,8.884958678,0.146955372,0.464846281,,1.408066116,4.796033058,,
1/31/1924,0,10.11471074,0.326499174,0.707107438,,1.444958678,5.472396694,,
2/29/1924,0,21.62201653,1.345983471,1.955702479,,4.083966942,19.21190083,,
3/31/1924,0,12.69719008,0.415656198,0.564456198,,0.731702479,7.132561983,,
4/30/1924,0,27.2707438,0.725950413,1.416198347,,2.106446281,18.74380165,,
5/31/1924,0,19.56535537,0.109447934,0.277923967,,0.516495868,11.0677686,,
6/30/1924,0,8.282975207,0.051352066,0.186842975,,0.13507438,2.67768595,,
7/31/1924,0,5.902809917,0.014265124,0.151259504,,0.106373554,1.598677686,,
8/31/1924,0,4.955900826,0.014449587,0.11313719,,0.100839669,1.475702479,,
9/30/1924,0,4.760330579,0.016482645,0.192198347,,0.098181818,1.487603306,,
10/31/1924,0,9.555173554,0.490671074,0.731702479,,0.509732231,3.812231405,,
11/30/1924,0,12.6446281,0.352264463,0.725950413,,1.511404959,8.866115702,,
12/31/1924,0,15.72852893,0.645619835,1.272793388,,3.658512397,17.15504132,,
1/31/1925,0,18.18803306,1.002247934,1.783140496,,4.709950413,18.44628099,,
2/28/1925,0,77.52991736,5.99246281,8.330578512,,19.98228099,96.69024793,,
3/31/1925,0,40.176,3.098975207,3.775338843,,4.777586777,34.74049587,,
4/30/1925,0,75.27272727,4.236694215,5.397024793,,8.723305785,69.44132231,,
5/31/1925,0,88.54214876,1.887669421,2.914512397,,2.932958678,59.39702479,,
6/30/1925,0,34.3338843,0.672396694,1.029421488,,1.303140496,20.46942149,,
7/31/1925,0,13.88390083,0.098380165,0.378763636,,0.330803306,5.349421488,,
8/31/1925,0,10.07781818,0.075014876,0.41688595,,0.174624793,3.135867769,,
9/30/1925,0,8.520991736,0.070809917,0.393917355,,0.201719008,3.034710744,,
10/31/1925,0,9.370710744,0.135272727,0.483907438,,0.392290909,3.812231405,,
11/30/1925,0,10.26446281,0.246347107,1.124628099,,0.809256198,4.998347107,,
12/31/1925,0,13.3612562,0.471609917,1.278942149,,1.10677686,7.562975207,,
1/31/1926,0,13.0046281,0.670214876,1.143669421,,2.04753719,12.85090909,,
2/28/1926,0,39.98122314,3.343338843,4.420760331,,11.16297521,50.15008264,,
3/31/1926,0,38.23299174,1.549487603,2.889917355,,3.640066116,29.57553719,,
4/30/1926,0,81.40165289,3.129917355,4.50446281,,8.401983471,72.05950413,,
5/31/1926,0,45.90664463,0.584132231,1.254347107,,1.703206612,29.32958678,,
6/30/1926,0,16.09586777,0.114247934,0.454016529,,0.438545455,7.2,,
7/31/1926,0,8.682049587,0.02976,0.271775207,,0.117441322,2.766942149,,
8/31/1926,0,6.732892562,0.030743802,0.198604959,,0.078089256,1.783140496,,
9/30/1926,0,5.902809917,0.033738843,0.219570248,,0.095801653,1.785123967,,
10/31/1926,0,7.728991736,0.166631405,0.529408264,,0.36277686,3.935206612,,
11/30/1926,0,43.7414876,2.707438017,3.909421488,,6.676363636,46.35371901,,
12/31/1926,0,28.61018182,1.574082645,2.05368595,,2.711603306,21.27471074,,
1/31/1927,0,34.21170248,2.195107438,3.019041322,,7.895008264,36.09322314,,
2/28/1927,0,99.35603306,7.508628099,11.61282645,,31.00641322,163.3904132,,
3/31/1927,0,70.15735537,4.304132231,6.677553719,,11.57196694,71.32561983,,
4/30/1927,0,92.94545455,5.349421488,8.039008264,,14.86413223,98.00330579,,
5/31/1927,0,132.6287603,2.840727273,4.525487603,,4.937454545,89.28,,
6/30/1927,0,105.9768595,0.618842975,1.190082645,,1.475702479,54.74380165,,
7/31/1927,0,27.73705785,0.161712397,0.521414876,,0.358472727,10.63735537,,
8/31/1927,0,13.65639669,0.037691901,0.287761983,,0.153719008,3.135867769,,
9/30/1927,0,10.18710744,0.044033058,0.17553719,,0.146975207,2.618181818,,
10/31/1927,0,10.85871074,0.097150413,0.216436364,,0.287147107,3.320330579,,
11/30/1927,0,27.82413223,0.856859504,1.731570248,,2.856198347,20.17190083,,
12/31/1927,0,17.57930579,0.439636364,0.891570248,,2.275041322,13.83471074,,
1/31/1928,0,22.47986777,1.032991736,2.145917355,,4.254942149,19.79900826,,
2/29/1928,0,24.56132231,1.432264463,2.444628099,,4.969785124,24.56132231,,
3/31/1928,0,165.6476033,10.76033058,13.69328926,,27.49110744,183.5404959,,
4/30/1928,0,91.16033058,4.177190083,5.873057851,,9.931239669,68.19173554,,
5/31/1928,4.396363636,106.6809917,0.75014876,1.949157025,,1.936859504,45.56231405,,
6/30/1928,2.975206612,23.06975207,0.157090909,0.563504132,,0.618842975,7.616528926,,
7/31/1928,0.614876033,11.85480992,0.069480992,0.319735537,,0.246565289,3.258842975,,
8/31/1928,0.461157025,8.208595041,0.041442645,0.220740496,,0.143266116,2.213553719,,
9/30/1928,0.297520661,7.420165289,0.035107438,0.136859504,,0.139834711,1.904132231,,
10/31/1928,0.18446281,8.220892562,0.049989421,0.245335537,,0.231808264,2.213553719,,
11/30/1928,0.238016529,8.681652893,0.122578512,0.340363636,,0.55814876,4.165289256,,
12/31/1928,0.676363636,11.4551405,0.311127273,0.585361983,,1.315834711,9.161652893,,
1/31/1929,0.491900826,9.469090909,0.205983471,0.429183471,,0.860826446,5.226446281,,
2/28/1929,0.444297521,11.49064463,0.755305785,0.94968595,,2.415867769,15.27272727,,
3/31/1929,3.012892562,20.4446281,1.11292562,1.776991736,,3.412561983,18.13884298,,
4/30/1929,6.188429752,29.3414876,2.023140496,2.665785124,,5.664793388,24.81322314,,
5/31/1929,16.35570248,60.09798347,1.820033058,2.256595041,,2.152066116,24.47206612,,
6/30/1929,7.080991736,29.71041322,0.512330579,1.231735537,,1.041322314,12.97190083,,
7/31/1929,0.860826446,10.84641322,0.076244628,0.261322314,,0.253943802,3.381818182,,
8/31/1929,0.405818182,7.378512397,0.027177521,0.145110744,,0.092231405,1.906115702,,
9/30/1929,0.315371901,6.003966942,0.029335537,0.183867769,,0.082710744,1.487603306,,
10/31/1929,0.18446281,6.573024793,0.04464,0.225044628,,0.105143802,2.152066116,,
11/30/1929,0.119008264,5.789752066,0.089256198,0.299900826,,0.174347107,1.547107438,,
12/31/1929,6.148760331,55.52945455,3.129719008,5.675305785,,7.575272727,36.58512397,,
1/31/1930,2.889917355,21.95722314,1.352727273,2.065983471,,5.158809917,25.57884298,,
2/28/1930,5.109421488,34.53302479,2.532495868,3.643239669,,7.386446281,28.49057851,,
3/31/1930,7.99338843,47.6774876,3.609322314,4.673057851,,12.28522314,45.74677686,,
4/30/1930,16.48264463,74.32066116,3.242975207,4.903140496,,6.396694215,37.30909091,,
5/31/1930,19.79900826,66.03768595,1.285090909,2.60092562,,3.062082645,24.47206612,,
6/30/1930,9.87768595,34.28033058,0.302876033,0.779504132,,0.791404959,8.747107438,,
7/31/1930,1.229752066,12.7402314,0.122975207,0.307438017,,0.186922314,3.012892562,,
8/31/1930,0.418115702,8.798876033,0.092231405,0.228119008,,0.106373554,1.906115702,,
9/30/1930,0.178512397,8.068760331,0.098181818,0.242181818,,0.136264463,1.725619835,,
10/31/1930,0.030743802,7.040330579,0.115596694,0.304978512,7.99338843,0.250254545,1.967603306,,
11/30/1930,0.029752066,9.449256198,0.45877686,0.666446281,11.30578512,1.291239669,4.700826446,,
12/31/1930,0.043041322,7.427702479,0.108218182,0.364006612,7.99338843,0.296370248,2.398016529,,
1/31/1931,0.061487603,11.28912397,0.873123967,0.873123967,12.94928926,2.176661157,8.485289256,,
2/28/1931,0.238809917,11.40733884,0.721983471,0.927471074,13.3233719,2.099305785,8.774876033,,
3/31/1931,3.197355372,25.48661157,1.936859504,2.59477686,29.61242975,3.707702479,16.54016529,,
4/30/1931,9.520661157,29.63900826,0.618842975,0.850909091,34.04826446,1.10677686,9.758677686,,
5/31/1931,9.100165289,24.39213223,0.21705124,0.480218182,27.54644628,0.480218182,6.579173554,,
6/30/1931,2.796694215,10.94280992,0.171371901,0.26122314,12.40661157,0.292760331,3.153719008,,
7/31/1931,0.614876033,6.068826446,0.052571901,0.137117355,6.665256198,0.091616529,1.291239669,,
8/31/1931,0.338181818,5.005090909,0.036892562,0.112522314,4.691504132,0.054170579,0.92231405,,
9/30/1931,0.059504132,4.926942149,0.15292562,0.113057851,4.617520661,0.072,0.952066116,,
10/31/1931,0.393520661,,0.275464463,0.388601653,7.728991736,0.419960331,2.828429752,,
11/30/1931,0.523636364,,0.499834711,0.589090909,7.93785124,1.124628099,4.879338843,,
12/31/1931,0.73785124,,2.127471074,2.010644628,22.51676033,8.380760331,23.18082645,,
1/31/1932,0.983801653,,1.524892562,1.955305785,22.63358678,7.403107438,20.84429752,,
2/29/1932,1.322975207,,1.886677686,2.657454545,27.19001653,8.639603306,31.40628099,,
3/31/1932,4.181157025,,3.498644628,5.460099174,56.45791736,10.31761983,44.27107438,,
4/30/1932,11.30578512,,3.861818182,5.605289256,74.49917355,9.235041322,47.0677686,,
5/31/1932,20.84429752,,4.064330579,5.933553719,143.0201653,7.24938843,69.23504132,,
6/30/1932,14.45950413,,1.112727273,1.755371901,93.24297521,2.237355372,31.47768595,,
7/31/1932,2.090578512,,0.308667769,0.627173554,22.74426446,0.516495868,5.410909091,,
8/31/1932,0.55338843,,0.130968595,0.376919008,11.11080992,0.205983471,2.520991736,,
9/30/1932,0.440330579,,0.084495868,0.287404959,8.098512397,0.17077686,1.725619835,,
10/31/1932,0.264396694,,0.073785124,0.245950413,7.765884298,0.160482645,2.152066116,,
11/30/1932,0.291570248,,0.071404959,0.238016529,7.812892562,0.239206612,2.201652893,,
12/31/1932,0.319735537,,0.153719008,0.32711405,8.239338843,0.365236364,2.828429752,,
1/31/1933,0.338181818,,0.140191736,0.378763636,8.540628099,0.527563636,3.935206612,,
2/28/1933,0.311008264,,0.203266116,0.421527273,8.691570248,0.933024793,6.164628099,,
3/31/1933,0.56568595,,1.420363636,2.090578512,23.96786777,6.197950413,22.19702479,,
4/30/1933,6.247933884,,2.314710744,4.647272727,47.57950413,5.646942149,27.01487603,,
5/31/1933,10.88330579,,3.15431405,5.306380165,68.8046281,5.195702479,34.98644628,,
6/30/1933,16.2446281,,0.999669421,2.86214876,70.51239669,1.541157025,22.73057851,,
7/31/1933,1.229752066,,0.083008264,0.390446281,14.2282314,0.298829752,3.566280992,,
8/31/1933,0.319735537,,0.054355041,0.237957025,8.085619835,0.113752066,1.660165289,,
9/30/1933,0.362975207,,0.047603306,0.119008264,6.563305785,0.114842975,1.428099174,,
10/31/1933,0.393520661,,,,8.860363636,0.307438017,2.766942149,,
11/30/1933,0.654545455,,,,8.497190083,0.303471074,2.856198347,,
12/31/1933,1.045289256,,,,18.34790083,1.746247934,11.68264463,,
1/31/1934,1.537190083,,,,23.96786777,2.98214876,15.92528926,,
2/28/1934,2.499173554,,,,29.32919008,4.81507438,19.16033058,,
3/31/1934,10.45289256,,,,55.66472727,3.197355372,22.50446281,,
4/30/1934,12.79338843,,,,46.81785124,1.434049587,13.62644628,,
5/31/1934,5.595371901,,,,26.11378512,0.946909091,7.747438017,,
6/30/1934,1.487603306,,,,12.29355372,0.411768595,3.629752066,,
7/31/1934,0.338181818,,,,7.101818182,0.119900826,1.721652893,,
8/31/1934,0.172165289,,,,5.367867769,0.062717355,1.229752066,,
9/30/1934,0.119008264,,,,5.20661157,0.076760331,1.309090909,,
10/31/1934,0.202909091,,,,6.400859504,0.250869421,1.967603306,,
11/30/1934,0.833057851,,,,14.23338843,1.445950413,7.795041322,,
12/31/1934,1.045289256,,,,14.92919008,1.598677686,8.116363636,,
1/31/1935,1.229752066,,,,21.79120661,4.568528926,25.57884298,,
2/28/1935,1.666115702,,,,28.94042975,5.986909091,22.88132231,,
3/31/1935,2.090578512,,,,32.83438017,6.843570248,29.26809917,,
4/30/1935,13.92396694,,,,135.1338843,26.52099174,109.0115702,,
5/31/1935,19.12264463,,,,151.1365289,7.114115702,68.49719008,,
6/30/1935,13.98347107,,,,89.19669421,1.10677686,22.73057851,,
7/31/1935,1.475702479,,,,19.94657851,0.314201653,4.242644628,,
8/31/1935,0.38122314,,,,10.63735537,0.123590083,2.152066116,,
9/30/1935,0.398677686,,,,7.949752066,0.110677686,1.725619835,,
10/31/1935,0.245950413,,,,9.413752066,0.372614876,3.012892562,,
11/30/1935,0.297520661,,,,9.19338843,0.393917355,3.21322314,,
12/31/1935,0.36277686,,,,10.21923967,0.860826446,4.673057851,,
1/31/1936,2.275041322,,,,63.94710744,16.23272727,57.85983471,,
2/29/1936,2.933553719,,,,80.87404959,25.32634711,92.95338843,,
3/31/1936,7.747438017,,,,72.98578512,9.143206612,44.08661157,,
4/30/1936,17.49421488,,,,119.246281,10.26446281,62.89586777,,
5/31/1936,2.828429752,,,,130.5996694,3.012892562,69.35801653,,
6/30/1936,2.261157025,,,,68.60826446,1.731570248,31.83471074,,
7/31/1936,1.660165289,,,,20.32165289,0.477758678,4.673057851,,
8/31/1936,0.411966942,,,,11.6088595,0.179543802,2.520991736,,
9/30/1936,0.255867769,,,,9.407603306,0.17077686,2.082644628,,
10/31/1936,0.399669421,,,,8.288528926,0.166631405,2.090578512,,
11/30/1936,0.18446281,,,,8.181818182,0.221950413,2.14214876,,
12/31/1936,0.166016529,,,,8.817322314,0.353553719,2.951404959,,
1/31/1937,0.196760331,,,,8.884958678,0.519570248,3.443305785,,
2/28/1937,1.055206612,,,,27.27431405,6.514512397,28.76826446,,
3/31/1937,2.398016529,,,,43.8652562,9.807272727,38.79867769,,
4/30/1937,9.461157025,,,,83.90082645,15.95900826,63.01487603,,
5/31/1937,25.45586777,,,,150.7676033,8.534479339,66.09917355,,
6/30/1937,11.0677686,,,,60.69421488,1.309090909,15.23305785,,
7/31/1937,1.414214876,,,,17.49322314,0.427953719,4.242644628,,
8/31/1937,0.202909091,,,,10.06552066,0.183847934,2.336528926,,
9/30/1937,0.089256198,,,,7.806942149,0.151735537,1.904132231,,
10/31/1937,0.36277686,,,,,0.312357025,2.705454545,,
11/30/1937,1.249586777,,,,,1.82677686,10.35371901,,
12/31/1937,5.656859504,,,,,8.780429752,70.83371901,,
1/31/1938,2.889917355,,,,,5.76138843,19.18413223,,
2/28/1938,2.221487603,,,,,14.23973554,54.03768595,,
3/31/1938,1.660165289,,,,,31.9612562,118.732562,,
4/30/1938,1.190082645,,,,,19.71371901,102.4661157,,
5/31/1938,5.164958678,,,,,13.3612562,136.1950413,,
6/30/1938,14.93553719,,,,,2.868099174,62.65785124,,
7/31/1938,5.595371901,,,,,0.700958678,8.300826446,,
8/31/1938,0.73785124,,,,,0.303133884,3.812231405,,
9/30/1938,0.327272727,,,,,0.252892562,2.856198347,,
10/31/1938,0.387371901,,,,13.83471074,0.493745455,3.873719008,,
11/30/1938,0.559338843,,,,13.68595041,0.696198347,4.581818182,,
12/31/1938,0.418115702,,,,13.17064463,1.045289256,5.718347107,,
1/31/1939,0.424264463,,,,12.84476033,1.242049587,6.51768595,,
2/28/1939,0.383206612,,,,11.51841322,1.571702479,8.052892562,,
3/31/1939,2.459504132,,,,38.24528926,7.458446281,29.32958678,,
4/30/1939,14.75702479,,,,63.1338843,4.682975207,26.47933884,,
5/31/1939,8.300826446,,,,34.86961983,1.143669421,10.08396694,,
6/30/1939,1.785123967,,,,13.91801653,0.396892562,3.867768595,,
7/31/1939,0.258247934,,,,8.37461157,0.140806612,1.906115702,,
8/31/1939,0.17831405,,,,6.400859504,0.089157025,1.352727273,,
9/30/1939,0.089256198,,,,5.96231405,0.105917355,1.368595041,,
10/31/1939,0.38122314,,,,7.839669421,0.549084298,3.012892562,,
11/30/1939,0.238016529,,,,6.46214876,0.406413223,2.14214876,,
12/31/1939,0.473454545,,,,9.223140496,0.56261157,3.381818182,,
1/31/1940,6.763636364,,,,73.90809917,11.60271074,53.67867769,,
2/29/1940,6.787438017,,,,108.7715702,22.94499174,93.70115702,,
3/31/1940,13.0968595,,,,155.8710744,24.50895868,119.1014876,,
4/30/1940,12.7338843,,,,122.7570248,9.54446281,68.07272727,,
5/31/1940,14.57256198,,,,115.473719,1.893818182,45.13190083,,
6/30/1940,9.104132231,,,,41.92066116,0.73785124,6.902479339,,
7/31/1940,0.799338843,,,,14.88,0.276079339,3.135867769,,
8/31/1940,0.159867769,,,,9.745785124,0.153104132,2.275041322,,
9/30/1940,0.214214876,,,,9.163636364,0.185057851,2.14214876,,
10/31/1940,0.319735537,,,,9.48138843,0.292066116,2.398016529,,
11/30/1940,1.190082645,,,,18.11900826,0.92231405,6.009917355,,
12/31/1940,3.197355372,,,,60.89732231,10.28072727,45.37785124,,
1/31/1941,3.258842975,,,,59.34168595,15.51947107,55.64628099,,
2/28/1941,6.109090909,,,,87.58214876,19.96006612,82.69487603,,
3/31/1941,8.054876033,,,,82.82380165,12.5557686,57.49090909,,
4/30/1941,10.94876033,,,,83.66280992,10.69884298,,41.87900826,
5/31/1941,21.70512397,,,,177.637686,7.827371901,,67.32892562,
6/30/1941,8.80661157,,,,77.05785124,1.77322314,,24.55140496,
7/31/1941,2.766942149,,,,26.56879339,0.768595041,,6.007338843,
8/31/1941,0.577983471,,,,14.09295868,0.390446281,,3.369520661,
9/30/1941,0.345123967,,,,10.50247934,0.327867769,,2.499173554,
10/31/1941,0.387371901,,,,9.887206612,0.383682645,,2.514842975,
11/30/1941,0.714049587,,,,13.03140496,0.767603306,,4.076033058,
12/31/1941,7.009586777,,,,78.27371901,10.36066116,,39.69639669,
1/31/1942,7.62446281,,,,98.01123967,18.66763636,,59.1941157,
2/28/1942,4.776198347,,,,88.69289256,19.90452893,,58.2585124,
3/31/1942,4.365619835,,,,49.98327273,7.181752066,,26.0707438,
4/30/1942,14.75702479,,,,114.9024793,14.3107438,,57.87371901,
5/31/1942,11.31371901,,,,137.9781818,12.07616529,,70.6492562,
6/30/1942,8.568595041,,,,128.231405,4.046280992,,52.16727273,
7/31/1942,3.996694215,,,,38.89090909,1.12522314,,8.313123967,
8/31/1942,0.485752066,,,,16.71847934,0.510961983,,3.609322314,
9/30/1942,0.249917355,,,,11.56760331,0.343933884,,2.737190083,
10/31/1942,0.350479339,,,,10.31147107,0.364006612,,2.619371901,
11/30/1942,2.14214876,,,,31.54909091,3.760661157,,15.35206612,
12/31/1942,4.181157025,,,,59.64297521,9.794975207,,33.28323967,
1/31/1943,6.025785124,,,,108.033719,23.53745455,,71.44859504,
2/28/1943,4.720661157,,,,61.20198347,11.06856198,,35.78261157,
3/31/1943,7.685950413,,,,124.5123967,23.56204959,,77.72033058,
4/30/1943,8.628099174,,,,130.2545455,7.681983471,,64.85950413,
5/31/1943,15.61785124,,,,107.5418182,3.191206612,,39.0753719,
6/30/1943,9.104132231,,,,57.02876033,2.612231405,,14.19173554,
7/31/1943,1.598677686,,,,21.28700826,0.811636364,,4.919008264,
8/31/1943,0.38122314,,,,12.66029752,0.405818182,,3.068231405,
9/30/1943,0.226115702,,,,9.443305785,0.268363636,,2.267107438,
10/31/1943,0.461157025,,,,10.26228099,0.400284298,,2.687008264,
11/30/1943,0.434380165,,,,10.23471074,0.489123967,,2.915702479,
12/31/1943,0.448859504,,,,10.90175207,0.744,,3.744595041,
1/31/1944,0.467305785,,,,14.38195041,2.078280992,,7.286280992,
2/29/1944,0.529190083,,,,20.48310744,4.636165289,,12.8328595,
3/31/1944,1.475702479,,,,35.67510744,7.593719008,,22.24006612,
4/30/1944,5.414876033,,,,47.66280992,6.49785124,,21.30842975,
5/31/1944,24.59504132,,,,107.3573554,4.740694215,,36.19160331,
6/30/1944,10.59173554,,,,47.57950413,1.303140496,,11.33553719,
7/31/1944,1.414214876,,,,16.4294876,0.41073719,,3.467900826,
8/31/1944,0.301289256,,,,9.67814876,0.204753719,,2.084429752,
9/30/1944,0.071404959,,,,7.664132231,0.163636364,,1.678016529,
10/31/1944,0.301289256,,,,8.55292562,0.268700826,,1.992198347,
11/30/1944,1.368595041,,,,21.08231405,2.243305785,,9.467107438,
12/31/1944,2.643966942,,,,33.53533884,3.412561983,,13.45963636,
1/31/1945,2.152066116,,,,23.55590083,2.545586777,,8.823471074,
2/28/1945,5.942479339,,,,81.41752066,17.52198347,,52.01613223,
3/31/1945,3.504793388,,,,38.63880992,5.982743802,,20.62294215,
4/30/1945,13.20991736,,,,73.36859504,7.705785124,,30.82909091,
5/31/1945,22.32,,,,122.7907438,4.008991736,,43.02902479,
6/30/1945,8.687603306,,,,58.12958678,1.749421488,,19.33289256,
7/31/1945,1.168264463,,,,18.77831405,0.48513719,,4.728396694,
8/31/1945,0.467305785,,,,10.8648595,0.215206612,,2.61322314,
9/30/1945,0.243966942,,,,8.128264463,0.171966942,,1.916033058,
10/31/1945,0.608727273,,,,11.94704132,0.474684298,,4.09507438,
11/30/1945,1.904132231,,,,23.29586777,2.86214876,,12.03173554,
12/31/1945,3.627768595,,,,84.60694215,22.59669421,,59.15722314,
1/31/1946,4.550082645,,,,51.76641322,9.260033058,,30.75609917,
2/28/1946,2.443636364,,,,26.2968595,3.859834711,,14.02869421,
3/31/1946,5.410909091,,,,49.04866116,8.196297521,,28.74545455,
4/30/1946,14.34049587,,,,94.49256198,8.300826446,,44.93752066,
5/31/1946,24.53355372,,,,128.6935537,2.723900826,,44.51702479,
6/30/1946,9.044628099,,,,51.29256198,0.839008264,,11.23438017,
7/31/1946,1.291239669,,,,18.29256198,0.367695868,,3.947504132,
8/31/1946,0.245950413,,,,10.93864463,0.189381818,,2.373421488,
9/30/1946,0.089256198,,,,8.883966942,0.181487603,,2.207603306,
10/31/1946,0.110677686,,,,9.247735537,0.305593388,,2.188958678,
11/30/1946,1.487603306,,,,22.91504132,1.80892562,,8.788760331,
12/31/1946,1.598677686,,,,20.97957025,2.520991736,,8.682049587,
1/31/1947,0.92231405,,,,12.68489256,0.811636364,,4.113520661,
2/28/1947,3.387768595,,,,36.22690909,4.903933884,,18.64383471,
3/31/1947,6.70214876,,,,58.58538843,9.924099174,,29.58783471,
4/30/1947,13.80495868,,,,59.41487603,5.879008264,,21.0585124,
5/31/1947,14.57256198,,,,46.44773554,0.996099174,,9.838016529,
6/30/1947,3.867768595,,,,26.7292562,1.023471074,,6.27768595,
7/31/1947,0.608727273,,,,10.37295868,0.289606612,,2.275041322,
8/31/1947,0.270545455,,,,7.304727273,0.15494876,,1.567933884,
9/30/1947,0.119008264,,,,6.039669421,0.12614876,,1.44,
10/31/1947,0.092231405,,,,12.79557025,0.910016529,,4.580826446,
11/30/1947,0.714049587,,,,12.09719008,0.743801653,,3.457190083,
12/31/1947,0.56568595,,,,9.186247934,0.474684298,,2.342677686,
1/31/1948,4.058181818,,,,45.82671074,6.284033058,,19.70677686,
2/29/1948,1.553057851,,,,15.05890909,1.415008264,,5.608264463,
3/31/1948,1.598677686,,,,20.95497521,3.781487603,,11.55966942,
4/30/1948,10.77024793,,,,96.45619835,19.86247934,,59.17090909,
5/31/1948,19.55305785,,,,121.0690909,9.745785124,,50.06935537,
6/30/1948,14.2214876,,,,89.7322314,2.451570248,,23.76595041,
7/31/1948,2.152066116,,,,24.21996694,0.707107438,,5.041983471,
8/31/1948,0.473454545,,,,11.904,0.292680992,,2.668561983,
9/30/1948,0.267768595,,,,8.562644628,0.20707438,,1.951735537,
10/31/1948,0.301289256,,,,8.571371901,0.236727273,,1.924561983,
11/30/1948,0.654545455,,,,11.91272727,0.714049587,,3.707107438,
12/31/1948,0.528793388,,,,10.97553719,1.155966942,,4.980495868,
1/31/1949,0.504198347,,,,9.075570248,0.756297521,,3.72,
2/28/1949,0.472066116,,,,10.3132562,1.893818182,,7.719669421,
3/31/1949,0.73785124,,,,32.15801653,9.598214876,,28.5671405,
4/30/1949,4.938842975,,,,88.72066116,13.07900826,,52.10181818,
5/31/1949,9.038677686,,,,100.4092562,4.703801653,,53.00231405,
6/30/1949,6.009917355,,,,34.62545455,0.910413223,,9.865785124,
7/31/1949,0.55953719,,,,12.20528926,0.285302479,,3.148165289,
8/31/1949,0.276694215,,,,8.516033058,0.174009917,,2.121322314,
9/30/1949,0.178512397,,,,6.783471074,0.146975207,,1.62446281,
10/31/1949,0.18446281,,,,6.849719008,0.182003306,,1.531041322,
11/30/1949,0.309421488,,,,8.413884298,0.368330579,,2.243305785,
12/31/1949,0.338181818,,,,8.085619835,0.441480992,,2.404165289,
1/31/1950,1.844628099,,,,38.54657851,7.458446281,,27.16522314,
2/28/1950,3.054545455,,,,55.37613223,11.26849587,,35.77150413,
3/31/1950,4.611570248,,,,59.53844628,10.76647934,,31.5738843,
4/30/1950,14.63801653,,,,112.3438017,12.29355372,,51.62578512,
5/31/1950,18.6307438,,,,130.2922314,5.128066116,,53.16218182,
6/30/1950,13.44793388,,,,74.38016529,1.178181818,,19.62446281,
7/31/1950,2.275041322,,,,21.97566942,0.403973554,,4.015140496,
8/31/1950,0.448859504,,,,11.34446281,0.204753719,,2.293487603,
9/30/1950,0.101157025,,,,8.80661157,0.169586777,,1.880330579,
10/31/1950,0.860826446,,,,15.60555372,0.657917355,,4.556231405,
11/30/1950,3.867768595,,,,141.6198347,15.53057851,,90.86280992,
12/31/1950,5.656859504,,,,178.3140496,26.48271074,,110.8006612,
1/31/1951,4.242644628,,,,76.12165289,17.1734876,,48.83960331,
2/28/1951,4.442975207,,,,83.30578512,14.88396694,,46.91226446,
3/31/1951,4.365619835,,,,65.66876033,9.708892562,,33.50459504,
4/30/1951,4.938842975,,,,92.82644628,5.521983471,,43.44991736,
5/31/1951,6.640661157,,,,100.7781818,4.685355372,,45.86975207,
6/30/1951,5.117355372,,,,38.66578512,1.172231405,,9.437355372,
7/31/1951,0.799338843,,,,15.96833058,0.580442975,,3.664661157,
8/31/1951,0.295140496,,,,10.44059504,0.284687603,,2.434909091,
9/30/1951,0.267768595,,,,8.175867769,0.223140496,,2.171900826,
10/31/1951,0.614876033,,,,11.94089256,0.830082645,,4.586975207,
11/30/1951,1.249586777,,,,16.94082645,2.469421488,,9.782479339,
12/31/1951,2.643966942,,,,52.70102479,13.76707438,,37.21229752,
1/31/1952,1.783140496,,,,33.68290909,10.70499174,,27.31894215,
2/29/1952,3.451239669,,,,74.37421488,22.04191736,,53.58049587,
3/31/1952,2.828429752,,,,53.60489256,11.70723967,,37.43365289,
4/30/1952,4.938842975,,,,150.9024793,23.88495868,,88.83966942,
5/31/1952,6.51768595,,,,239.4327273,15.5932562,,120.8231405,
6/30/1952,5.236363636,,,,180.892562,3.278677686,,77.3553719,
7/31/1952,4.427107438,,,,75.32231405,1.11907438,,25.47431405,
8/31/1952,1.660165289,,,,21.63133884,0.495590083,,4.691504132,
9/30/1952,0.595041322,,,,13.47768595,0.355834711,,3.189421488,
10/31/1952,0.258247934,,,,11.0985124,0.353553719,,2.656264463,
11/30/1952,0.327272727,,,,11.6092562,0.582545455,,3.278677686,
12/31/1952,0.510347107,,,,23.33454545,3.400264463,,11.27682645,
1/31/1953,2.889917355,,,,110.7391736,21.50836364,,58.18571901,
2/28/1953,2.832396694,,,,35.32720661,3.782082645,,14.43966942,
3/31/1953,3.812231405,,,,41.49798347,5.601520661,,20.28476033,
4/30/1953,5.355371901,,,,87.47107438,8.294876033,,44.47933884,
5/31/1953,5.841322314,,,,105.082314,7.366214876,,53.69097521,
6/30/1953,5.712396694,,,,121.0909091,3.427438017,,55.30909091,
7/31/1953,5.595371901,,,,46.69983471,1.026842975,,12.80786777,
8/31/1953,0.799338843,,,,17.52396694,0.481447934,,3.90446281,
9/30/1953,0.267768595,,,,12.04958678,0.325487603,,2.69553719,
10/31/1953,0.344330579,,,,11.46743802,0.507272727,,2.896066116,
11/30/1953,0.892561983,,,,17.55966942,1.309090909,,5.813553719,
12/31/1953,0.92231405,,,,16.00522314,1.660165289,,5.95814876,
1/31/1954,1.10677686,,,,27.51570248,5.902809917,,14.48033058,
2/28/1954,1.666115702,,,,43.36899174,8.241719008,,24.68072727,
3/31/1954,4.427107438,,,,83.6231405,12.21758678,,48.31080992,
4/30/1954,9.699173554,,,,106.0363636,12.22809917,,54.91636364,
5/31/1954,19.92198347,,,,88.29619835,2.920661157,,26.05229752,
6/30/1954,4.581818182,,,,30.72793388,1.261487603,,6.86677686,
7/31/1954,0.92231405,,,,13.08456198,0.547239669,,3.185057851,
8/31/1954,0.227504132,,,,9.321520661,0.349864463,,2.354975207,
9/30/1954,0.178512397,,,,7.92,0.302280992,,2.046942149,
10/31/1954,0.252099174,,,,8.017983471,0.33941157,,2.109024793,
11/30/1954,0.654545455,,,,11.22842975,0.696198347,,3.861818182,
12/31/1954,0.92231405,,,,20.7397686,2.570181818,,9.905652893,
1/31/1955,0.799338843,,,,17.23497521,3.252694215,,9.542876033,
2/28/1955,0.833057851,,,,15.35047934,2.832396694,,8.236165289,
3/31/1955,1.660165289,,,,24.14618182,4.070479339,,12.70333884,
4/30/1955,5.474380165,,,,39.27272727,5.39107438,,18.45818182,
5/31/1955,14.63404959,,,,95.73619835,6.062677686,,38.64495868,
6/30/1955,11.30578512,,,,49.18016529,1.047272727,,13.15041322,
7/31/1955,1.352727273,,,,13.53957025,0.398439669,,3.53553719,
8/31/1955,0.436561983,,,,8.313123967,0.18138843,,2.520991736,
9/30/1955,0.16661157,,,,7.265454545,0.168396694,,2.374214876,
10/31/1955,0.209057851,,,,7.286280992,0.230578512,,2.029090909,
11/30/1955,0.446280992,,,,9.788429752,0.743801653,,3.504793388,
12/31/1955,7.25553719,,,,196.2684298,34.52528926,,151.5669421,
1/31/1956,6.148760331,,,,134.7808264,32.55153719,,93.27669421,
2/29/1956,4.141487603,,,,58.95867769,9.042247934,,35.08185124,
3/31/1956,3.750743802,,,,57.43557025,9.057123967,,32.64991736,
4/30/1956,9.461157025,,,,80.74710744,6.075371901,,32.76297521,
5/31/1956,10.26842975,,,,154.8257851,6.818975207,,72.12495868,
6/30/1956,5.771900826,,,,101.8710744,1.505454545,,39.12396694,
7/31/1956,4.119669421,,,,32.18261157,0.676363636,,7.206347107,
8/31/1956,0.73785124,,,,14.52952066,0.365236364,,3.105123967,
9/30/1956,0.380826446,,,,11.77586777,0.330247934,,2.683636364,
10/31/1956,0.55953719,,,,14.75702479,0.959206612,,4.519338843,
11/30/1956,0.714049587,,,,13.79305785,0.666446281,,3.754710744,
12/31/1956,0.799338843,,,,13.57646281,0.762446281,,4.187305785,
1/31/1957,0.676363636,,,,14.80621488,1.623272727,,6.007338843,
2/28/1957,4.054214876,,,,61.70181818,9.674578512,,28.9848595,
3/31/1957,8.423801653,,,,82.82380165,14.80621488,,43.68079339,
4/30/1957,14.4,,,,61.4677686,4.885289256,,22.94479339,
5/31/1957,25.08694215,,,,120.2697521,9.659702479,,50.10624793,
6/30/1957,11.42479339,,,,65.69256198,2.106446281,,18.11305785,
7/31/1957,1.229752066,,,,19.31940496,0.614876033,,3.590876033,
8/31/1957,0.356628099,,,,11.32601653,0.338181818,,3.043636364,
9/30/1957,0.20231405,,,,9.34214876,0.276099174,,2.671735537,
10/31/1957,0.73785124,,,,13.53957025,0.719404959,,4.09507438,
11/30/1957,1.130578512,,,,17.3692562,1.469752066,,5.873057851,
12/31/1957,1.844628099,,,,28.61018182,4.377917355,,13.68099174,
1/31/1958,1.660165289,,,,32.53309091,8.202446281,,18.93203306,
2/28/1958,6.55338843,,,,125.0142149,28.42393388,,74.64198347,
3/31/1958,5.041983471,,,,72.73983471,16.44178512,,43.29957025,
4/30/1958,4.046280992,,,,105.0842975,20.41586777,,68.84628099,
5/31/1958,5.964297521,,,,217.2357025,9.450644628,,109.8783471,
6/30/1958,8.152066116,,,,124.2446281,2.249256198,,51.01289256,
7/31/1958,4.734545455,,,,35.11557025,0.756297521,,7.317024793,
8/31/1958,0.676363636,,,,16.26961983,0.359087603,,3.467900826,
9/30/1958,0.33322314,,,,11.09157025,0.323702479,,2.570578512,
10/31/1958,0.319735537,,,,10.03477686,0.353553719,,2.367272727,
11/30/1958,0.434380165,,,,10.90710744,0.520066116,,2.71338843,
12/31/1958,0.393520661,,,,10.48363636,0.651768595,,2.908363636,
1/31/1959,2.090578512,,,,45.16264463,5.976595041,,16.50942149,
2/28/1959,2.054876033,,,,37.97077686,6.303471074,,20.55986777,
3/31/1959,4.673057851,,,,45.03966942,5.915107438,,18.90743802,
4/30/1959,13.92396694,,,,60.81322314,3.480991736,,17.32165289,
5/31/1959,13.21983471,,,,47.85580165,1.328132231,,10.72343802,
6/30/1959,4.581818182,,,,22.07008264,0.476628099,,4.081983471,
7/31/1959,0.491900826,,,,9.715041322,0.220740496,,1.936859504,
8/31/1959,0.325884298,,,,7.366214876,0.14572562,,1.549487603,
9/30/1959,0.321322314,,,,7.949752066,0.27907438,,1.921983471,
10/31/1959,0.276694215,,,,7.107966942,0.228119008,,1.758545455,
11/30/1959,0.214214876,,,,6.456198347,0.232066116,,1.60661157,
12/31/1959,0.239801653,,,,7.741289256,0.480833058,,2.219702479,
1/31/1960,0.282842975,,,,15.02142149,3.72614876,,7.845818182,
2/29/1960,3.106115702,,,,70.11768595,16.56019835,,43.5258843,
3/31/1960,9.592066116,,,,84.72991736,15.05216529,,43.17659504,
4/30/1960,16.54214876,,,,76.16528926,5.527933884,,24.40264463,
5/31/1960,16.7246281,,,,70.09586777,3.590876033,,18.15728926,
6/30/1960,7.080991736,,,,37.92198347,1.463801653,,7.961652893,
7/31/1960,0.596429752,,,,13.25057851,0.670214876,,3.240396694,
8/31/1960,0.325884298,,,,8.903404959,0.398439669,,1.949157025,
9/30/1960,0.130909091,,,,7.211900826,0.311801653,,1.493553719,
10/31/1960,0.129123967,,,,7.452297521,0.346790083,,1.690909091,
11/30/1960,0.33322314,,,,11.12727273,2.522975207,,4.617520661,
12/31/1960,0.485752066,,,,15.15054545,4.236495868,,6.941950413,
1/31/1961,0.38122314,,,,11.55966942,1.875371901,,3.701553719,
2/28/1961,1.666115702,,,,28.07960331,7.586380165,,14.19530579,
3/31/1961,2.090578512,,,,30.90981818,9.272330579,,18.38479339,
4/30/1961,8.628099174,,,,50.87008264,6.027768595,,19.13057851,
5/31/1961,15.49487603,,,,62.84033058,4.021289256,,18.80290909,
6/30/1961,7.497520661,,,,35.16694215,1.434049587,,7.063140496,
7/31/1961,0.498049587,,,,11.14155372,0.627173554,,2.404165289,
8/31/1961,0.19061157,,,,8.085619835,0.384912397,,1.764694215,
9/30/1961,0.16661157,,,,6.283636364,0.315371901,,1.42214876,
10/31/1961,0.264396694,,,,6.640661157,0.387371901,,1.647867769,
11/30/1961,0.291570248,,,,7.604628099,0.73785124,,2.517024793,
12/31/1961,0.455008264,,,,14.56026446,3.394115702,,7.015735537,
1/31/1962,0.430413223,,,,12.10690909,2.428760331,,5.152661157,
2/28/1962,1.721652893,,,,59.53586777,22.18710744,,46.6012562,
3/31/1962,1.475702479,,,,35.70585124,10.4774876,,24.43517355,
4/30/1962,16.60165289,,,,106.7504132,10.57983471,,44.24132231,
5/31/1962,20.65983471,,,,98.19570248,3.640066116,,30.19041322,
6/30/1962,16.0661157,,,,68.37024793,1.148429752,,14.30479339,
7/31/1962,1.598677686,,,,17.7637686,0.529408264,,3.295735537,
8/31/1962,0.393520661,,,,10.27457851,0.363391736,,2.305785124,
9/30/1962,0.208264463,,,,8.056859504,0.276099174,,1.499504132,
10/31/1962,6.210247934,,,,86.51305785,12.06386777,,49.34380165,
11/30/1962,2.499173554,,,,20.80264463,2.302809917,,5.605289256,
12/31/1962,4.058181818,,,,57.3802314,9.739636364,,26.58723967,
1/31/1963,2.582479339,,,,56.4517686,7.138710744,,32.92661157,
2/28/1963,7.941818182,,,,129.6238017,18.45500826,,75.47504132,
3/31/1963,3.935206612,,,,40.75398347,6.579173554,,19.6391405,
4/30/1963,7.497520661,,,,105.8578512,23.37322314,,61.88429752,
5/31/1963,17.95438017,,,,157.2852893,9.272330579,,70.7107438,
6/30/1963,11.42479339,,,,64.44297521,2.255206612,,16.47669421,
7/31/1963,1.721652893,,,,22.48601653,1.051438017,,5.183404959,
8/31/1963,0.202909091,,,,13.52727273,0.657917355,,3.332628099,
9/30/1963,0.178512397,,,,10.89520661,0.501619835,,2.600330579,
10/31/1963,0.153719008,,,,11.22763636,0.657917355,,3.105123967,
11/30/1963,2.201652893,,,,38.38016529,5.147107438,,18.83900826,
12/31/1963,2.152066116,,,,19.52231405,1.986049587,,6.843570248,
1/31/1964,1.721652893,,,,22.75041322,5.330975207,,13.32436364,
2/29/1964,1.553057851,,,,22.18571901,5.165355372,,11.88952066,
3/31/1964,2.398016529,,,,24.67497521,4.857520661,,12.77712397,
4/30/1964,11.00826446,,,,58.51636364,7.158347107,,23.82545455,
5/31/1964,17.33950413,,,,85.83669421,3.836826446,,30.09818182,
6/30/1964,7.2,,,,47.09752066,1.802975207,,15.6138843,
7/31/1964,0.92231405,,,,15.64244628,0.707107438,,4.224198347,
8/31/1964,0.129123967,,,,10.11471074,0.37507438,,2.496396694,
9/30/1964,0.113057851,,,,8.062809917,0.293355372,,1.981487603,0
10/31/1964,0.122975207,,,,6.837421488,0.372,,1.949157025,0
11/30/1964,0.261818182,,,,12.93024793,2.558677686,,6.515702479,1.2
12/31/1964,6.763636364,,,,235.4975207,46.53996694,,149.722314,35.6
1/31/1965,12.48198347,,,,132.7517355,25.68952066,,78.82710744,30.3
2/28/1965,8.441652893,,,,57.42545455,6.392330579,,25.48046281,26.3
3/31/1965,3.812231405,,,,47.9418843,5.632264463,,18.11424793,27.5
4/30/1965,7.73553719,,,,112.6413223,13.60859504,,52.04826446,35.6
5/31/1965,5.595371901,,,,125.1887603,4.679206612,,42.43259504,54.4
6/30/1965,3.332231405,,,,91.51735537,1.463801653,,31.1385124,58.2
7/31/1965,0.479603306,,,,28.93606612,0.780892562,,5.521586777,61
8/31/1965,0.221355372,,,,17.24112397,0.602578512,,4.341024793,62
9/30/1965,0.249917355,,,,11.45454545,0.476628099,,2.987107438,61.8
10/31/1965,14.56026446,,,,10.36066116,0.445170248,,2.557884298,46.4
11/30/1965,17.1907438,,,,19.08892562,1.785123967,,7.420165289,29
12/31/1965,0.842380165,,,,15.08290909,1.629421488,,6.019636364,29.5
1/31/1966,0.444555372,,,,21.71742149,4.949752066,,13.01692562,30.2
2/28/1966,0.373765289,,,,19.38247934,4.704,,10.44654545,30.9
3/31/1966,0.842380165,,,,45.19338843,10.53282645,,26.14452893,33.5
4/30/1966,2.112396694,,,,93.36198347,8.669752066,,35.44066116,49
5/31/1966,2.121322314,,,,83.6846281,2.305785124,,19.83590083,69
6/30/1966,2.106446281,,,,23.89090909,0.809256198,,4.980495868,69.4
7/31/1966,0.369540496,,,,11.8117686,0.408277686,,2.945256198,68.9
8/31/1966,0.141421488,,,,8.36846281,0.263781818,,2.299636364,67.9
9/30/1966,0.13507438,,,,7.330909091,0.255272727,,2.100495868,67.3
10/31/1966,6.222545455,,,,7.237090909,0.338181818,,2.244297521,59.9
11/30/1966,20.92760331,,,,27.96099174,2.760991736,,11.54975207,41.3
12/31/1966,19.87894215,,,,53.5065124,11.46743802,,28.90532231,25.5
1/31/1967,3.922909091,,,,61.03259504,16.77381818,,38.27603306,25.6
2/28/1967,0.933024793,,,,54.25983471,9.163636364,,27.00773554,28.9
3/31/1967,1.524892562,,,,87.25090909,14.12985124,,48.58750413,39.5
4/30/1967,0.833057851,,,,52.56595041,11.33553719,,32.69752066,43.1
5/31/1967,2.059834711,,,,170.7510744,14.23438017,,79.56495868,57.6
6/30/1967,2.743140496,,,,180.7140496,5.063801653,,94.67107438,57.9
7/31/1967,1.094479339,,,,61.41381818,1.610975207,,16.50327273,65.8
8/31/1967,13.80396694,,,,19.07960331,1.014545455,,4.365619835,51.6
9/30/1967,15.0307438,,,,12.46016529,0.630743802,,3.284628099,36
10/31/1967,4.433256198,,,,12.3528595,0.879272727,,3.34492562,31.7
11/30/1967,0.216,,,,10.92495868,0.761652893,,2.999008264,32
12/31/1967,0.319120661,,,,16.3372562,2.090578512,,5.927404959,32.5
1/31/1968,0.469150413,,,,28.28429752,4.574677686,,11.9347438,34.4
2/29/1968,1.443768595,,,,87.08628099,18.10750413,,50.33633058,42
3/31/1968,1.020694215,,,,56.40872727,8.718942149,,26.34743802,48
4/30/1968,1.320991736,,,,59.05190083,4.361652893,,20.05884298,59.3
5/31/1968,7.655206612,,,,64.62347107,1.684760331,,15.23047934,68.6
6/30/1968,3.790413223,,,,27.13983471,0.797355372,,6.021818182,69.5
7/31/1968,4.537785124,,,,11.29527273,0.398439669,,2.822280992,64.6
8/31/1968,15.58095868,,,,9.782677686,0.370770248,,2.490247934,47.9
9/30/1968,15.44132231,,,,7.438016529,0.248727273,,1.999338843,31
10/31/1968,10.60661157,,,,9.825719008,0.582902479,,2.79153719,20.3
11/30/1968,0.392727273,,,,19.01752066,1.761322314,,3.945123967,22.3
12/31/1968,0.395365289,,,,24.08469421,3.892165289,,10.48363636,23.9
1/31/1969,2.299636364,,,,156.4244628,39.89930579,,115.781157,34.9
2/28/1969,0.821950413,,,,56.09256198,13.49553719,,39.0926281,39
3/31/1969,0.744,,,,51.52046281,12.30981818,,33.30168595,42.2
4/30/1969,3.219173554,,,,118.9487603,15.35801653,,57.20727273,55.3
5/31/1969,20.48152066,,,,218.4654545,7.507636364,,89.40297521,58.9
6/30/1969,11.65090909,,,,121.8049587,1.493553719,,5.117355372,70
7/31/1969,4.427107438,,,,31.58618182,0.719404959,,3.185057851,69.4
8/31/1969,9.751933884,,,,14.71398347,0.40458843,,2.078280992,58.3
9/30/1969,14.22743802,,,,10.99041322,0.362975207,,2.029090909,42.9
10/31/1969,10.47133884,,,,13.61950413,,,,32.5
11/30/1969,9.966942149,,,,12.72793388,,,,22.2
12/31/1969,2.477950413,,,,76.67504132,,,,30.1
1/31/1970,6.966545455,,,,247.8565289,,,,55
2/28/1970,6.83107438,,,,67.14446281,,,,54.5
3/31/1970,3.91061157,,,,62.77884298,,,,57.3
4/30/1970,1.112727273,,,,45.08628099,,,,65
5/31/1970,9.751933884,,,,78.2122314,,,,70.6
6/30/1970,6.860826446,,,,43.34280992,,,,69.6
7/31/1970,0.830082645,,,,15.2673719,,,,69.2
8/31/1970,4.519338843,,,,9.647404959,,,,63.9
9/30/1970,12.97785124,,,,7.955702479,,,,50.3
10/31/1970,15.07061157,,,,9.395305785,,,,34.7
11/30/1970,8.616198347,,,,37.52330579,,,,30.8
12/31/1970,0.891570248,,,,49.33150413,,,,34
1/31/1971,0.817785124,,,,55.27120661,,,,37.9
2/28/1971,0.799735537,,,,46.59570248,,,,41.4
3/31/1971,1.11292562,,,,76.73652893,,,,46
4/30/1971,1.802975207,,,,83.66280992,,,,55.8
5/31/1971,15.19973554,,,,140.1917355,,,,69.9
6/30/1971,8.693553719,,,,135.3123967,,,,69.9
7/31/1971,5.349421488,,,,47.92958678,,,,69.6
8/31/1971,0.657917355,,,,18.22492562,,,,69.1
9/30/1971,14.45355372,,,,12.10909091,,,,54.5
10/31/1971,15.38419835,,,,11.94704132,,,,38.9
11/30/1971,15.72099174,,,,14.72132231,,,,24.2
12/31/1971,0.384912397,,,,19.98961983,,,,24.4
1/31/1972,0.402743802,,,,26.82089256,,,,25.79
2/29/1972,0.472819835,,,,33.66684298,,,,25.8
3/31/1972,1.955305785,,,,92.04694215,,,,37.3
4/30/1972,1.725619835,,,,76.16528926,,,,38.6
5/31/1972,2.760793388,,,,98.07272727,,,,70.4
6/30/1972,9.086280992,,,,48.54942149,,,,69.6
7/31/1972,0.364006612,,,,16.10360331,,,,69.1
8/31/1972,0.220740496,,,,10.24383471,,,,68.5
9/30/1972,0.185057851,,,,9.788429752,,,,68.2
10/31/1972,2.853024793,,,,14.32046281,,,,65.7
11/30/1972,21.89752066,,,,23.42677686,,,,46.4
12/31/1972,21.92647934,,,,46.63219835,,,,31.3
1/31/1973,12.12535537,,,,77.16694215,,,,27.8
2/28/1973,0.649785124,,,,49.52806612,,,,30.7
3/31/1973,0.793190083,,,,52.4366281,,,,33.2
4/30/1973,1.880330579,,,,77.47438017,,,,45.5
5/31/1973,7.649057851,,,,137.4247934,,,,61.3
6/30/1973,1.60661157,,,,45.06247934,,,,69.6
7/31/1973,0.768595041,,,,15.85765289,,,,69.3
8/31/1973,6.271735537,,,,11.04932231,,,,62.6
9/30/1973,17.56561983,,,,9.598016529,,,,45.5
10/31/1973,18.88899174,,,,11.75642975,,,,27.8
11/30/1973,7.574876033,,,,104.6082645,,,,34.9
12/31/1973,0.774743802,,,,75.99867769,,,,40.9
1/31/1974,1.414214876,,,,142.4667769,,,,54.7
2/28/1974,1.188495868,,,,44.9962314,,,,54.4
3/31/1974,1.328132231,,,,148.3695868,,,,55.1
4/30/1974,1.285289256,,,,120.3173554,,,,55.1
5/31/1974,1.328132231,,,,153.8419835,,,,60
6/30/1974,1.493553719,,,,98.65785124,,,,69.8
7/31/1974,1.488,,,,35.73044628,,,,69.5
8/31/1974,10.36680992,,,,15.56866116,,,,59.4
9/30/1974,17.87504132,,,,10.56793388,,,,41.6
10/31/1974,17.69613223,,,,10.43444628,,,,24
11/30/1974,3.260826446,,,,11.19272727,,,,21.9
12/31/1974,0.265626446,,,,12.41434711,,,,22.4
1/31/1975,0.276079339,,,,16.3065124,,,,23.1
2/28/1975,0.35932562,,,,39.19259504,,,,24.6
3/31/1975,0.609342149,,,,64.13157025,,,,26.6
4/30/1975,7.634380165,,,,52.17322314,,,,21.6
5/31/1975,3.369520661,,,,157.8386777,,,,51.4
6/30/1975,2.320661157,,,,149.6528926,,,,70
7/31/1975,1.192859504,,,,37.944,,,,69.5
8/31/1975,7.181752066,,,,16.29421488,,,,62.5
9/30/1975,17.46446281,,,,11.37123967,,,,44.8
10/31/1975,10.02247934,,,,18.16343802,,,,36.8
11/30/1975,4.064132231,,,,20.0231405,,,,34.9
12/31/1975,11.10466116,,,,16.03596694,,,,25
1/31/1976,6.966545455,,,,13.47193388,,,,18.9
2/29/1976,0.358928926,,,,17.17566942,,,,20
3/31/1976,0.688661157,,,,29.67391736,,,,22.5
4/30/1976,0.874710744,,,,31.60264463,,,,28.5
5/31/1976,0.996099174,,,,41.47953719,,,,38.3
6/30/1976,0.311206612,,,,12.63867769,,,,39
7/31/1976,10.72343802,,,,7.507636364,,,,28
8/31/1976,14.94763636,,,,7.833520661,,,,12.8
9/30/1976,9.931239669,,,,6.420495868,,,,2.52
10/31/1976,0.093461157,,,,6.240991736,,,,2.61
11/30/1976,0.079735537,,,,6.563305785,,,,2.83
12/31/1976,0.076859504,,,,5.982743802,,,,2.97
1/31/1977,0.071940496,,,,7.25553719,,,,3.23
2/28/1977,0.066644628,,,,7.664132231,,,,3.6
3/31/1977,0.103299174,,,,9.284628099,,,,4.08
4/30/1977,0.320132231,,,,14.33454545,,,,7.1
5/31/1977,8.448396694,,,,20.61064463,,,,2.99
6/30/1977,0.537322314,,,,10.91900826,,,,4.93
7/31/1977,0.242876033,,,,5.085024793,,,,4.88
8/31/1977,0.233038017,,,,4.107371901,,,,4.72
9/30/1977,0.246347107,,,,4.224793388,,,,4.53
10/31/1977,1.684760331,,,,4.414809917,,,,2.97
11/30/1977,0.219570248,,,,6.372892562,,,,3.13
12/31/1977,1.199008264,,,,33.70750413,,,,5.68
1/31/1978,2.004495868,,,,87.80429752,,,,9.85
2/28/1978,0.788628099,,,,52.45487603,,,,12.2
3/31/1978,1.746247934,,,,100.4707438,,,,21.3
4/30/1978,1.701818182,,,,91.9338843,,,,33.6
5/31/1978,3.90446281,,,,136.1950413,,,,63.2
6/30/1978,8.312727273,,,,107.9404959,,,,69.8
7/31/1978,3.52938843,,,,31.20495868,,,,69.4
8/31/1978,0.37814876,,,,13.19523967,,,,68.9
9/30/1978,12.53752066,,,,13.01950413,,,,56.6
10/31/1978,15.78386777,,,,9.180099174,,,,40.2
11/30/1978,13.87041322,,,,10.15140496,,,,26.6
12/31/1978,0.268700826,,,,10.02247934,,,,26.8
1/31/1979,0.499279339,,,,23.17467769,,,,28.2
2/28/1979,0.424304132,,,,22.92575207,,,,29.6
3/31/1979,0.799338843,,,,55.16052893,,,,32
4/30/1979,1.576859504,,,,66.88264463,,,,40.6
5/31/1979,10.93249587,,,,134.9038017,,,,61.7
6/30/1979,0.696198347,,,,44.22942149,,,,67.9
7/31/1979,2.643966942,,,,15.82690909,,,,65.5
8/31/1979,2.428760331,,,,10.58816529,,,,62.7
9/30/1979,7.943801653,,,,8.152066116,,,,54.3
10/31/1979,7.052628099,,,,13.57646281,,,,47.9
11/30/1979,17.30380165,,,,16.42909091,,,,31.1
12/31/1979,6.763636364,,,,20.49996694,,,,26.1
1/31/1980,2.896066116,,,,207.6436364,,,,49
2/29/1980,0.568879339,,,,117.9173554,,,,54.7
3/31/1980,0.549084298,,,,78.0277686,,,,54.4
4/30/1980,0.642644628,,,,90.92231405,,,,55.7
5/31/1980,0.73785124,,,,129.3084298,,,,69.6
6/30/1980,1.797024793,,,,76.81983471,,,,70
7/31/1980,7.458446281,,,,28.94221488,,,,66.3
8/31/1980,0.301904132,,,,13.60105785,,,,65.8
9/30/1980,10.28826446,,,,10.20495868,,,,54.8
10/31/1980,19.07345455,,,,9.66585124,,,,35.3
11/30/1980,14.82842975,,,,9.943140496,,,,20.8
12/31/1980,0.353553719,,,,17.26571901,,,,21.6
1/31/1981,0.269930579,,,,19.10419835,,,,22.6
2/28/1981,0.672,,,,38.45950413,,,,25.4
3/31/1981,0.799338843,,,,44.99047934,,,,28.6
4/30/1981,1.338842975,,,,63.43140496,,,,40.3
5/31/1981,0.946909091,,,,54.87153719,,,,52.6
6/30/1981,0.371305785,,,,17.81553719,,,,54.2
7/31/1981,0.273619835,,,,9.192396694,,,,53.7
8/31/1981,0.161712397,,,,6.652958678,,,,52.9
9/30/1981,0.102347107,,,,5.992066116,,,,52.3
10/31/1981,16.89679339,,,,11.1907438,,,,35.6
11/30/1981,16.80991736,,,,123.0545455,,,,45.3
12/31/1981,3.074380165,,,,167.9841322,,,,55
1/31/1982,1.555636364,,,,73.17024793,,,,54.4
2/28/1982,4.59292562,,,,139.7871074,,,,54.9
3/31/1982,6.14261157,,,,98.81057851,,,,54.8
4/30/1982,5.22446281,,,,167.9206612,,,,55.5
5/31/1982,4.931305785,,,,185.6310744,,,,67.4
6/30/1982,4.064132231,,,,99.72892562,,,,69.9
7/31/1982,4.131966942,,,,34.26704132,,,,69.4
8/31/1982,0.434102479,,,,16.85375207,,,,68.8
9/30/1982,15.50082645,,,,15.02479339,,,,53.7
10/31/1982,18.43398347,,,,26.48271074,,,,39.3
11/30/1982,10.13355372,,,,37.10677686,,,,33.7
12/31/1982,1.002247934,,,,71.44859504,,,,37.7
1/31/1983,0.836231405,,,,57.51550413,,,,40.9
2/28/1983,5.142743802,,,,91.02545455,,,,32.4
3/31/1983,2.650115702,,,,162.3272727,,,,28.9
4/30/1983,1.356694215,,,,89.13719008,,,,22.5
5/31/1983,1.709355372,,,,181.7573554,,,,53.6
6/30/1983,1.761322314,,,,215.8214876,,,,68.7
7/31/1983,5.109619835,,,,85.09884298,,,,69.8
8/31/1983,2.619371901,,,,25.64647934,,,,69.3
9/30/1983,11.26413223,,,,15.24495868,,,,58.6
10/31/1983,11.59656198,,,,16.86604959,,,,48.6
11/30/1983,8.955371901,,,,105.9768595,,,,54.9
12/31/1983,1.389619835,,,,162.4502479,,,,55.7
1/31/1984,1.149818182,,,,82.20892562,,,,54.5
2/29/1984,4.837487603,,,,52.97077686,,,,54.4
3/31/1984,7.194049587,,,,75.69123967,,,,54.8
4/30/1984,5.884958678,,,,69.02479339,,,,54.9
5/31/1984,0.977652893,,,,115.4122314,,,,70
6/30/1984,8.943471074,,,,55.59471074,,,,69.7
7/31/1984,1.389619835,,,,19.17798347,,,,69.3
8/31/1984,0.224429752,,,,12.28522314,,,,68.7
9/30/1984,14.1322314,,,,9.972892562,,,,53.3
10/31/1984,18.44013223,,,,12.40819835,,,,35.4
11/30/1984,5.379173554,,,,33.95900826,,,,33.8
12/31/1984,0.817785124,,,,22.38763636,,,,34.4
1/31/1985,12.95543802,,,,15.91299174,,,,21.5
2/28/1985,10.94082645,,,,21.02638017,,,,12.3
3/31/1985,3.34492562,,,,29.83993388,,,,12
4/30/1985,2.136198347,,,,85.62644628,,,,29.5
5/31/1985,1.733950413,,,,70.89520661,,,,47
6/30/1985,1.493553719,,,,22.78413223,,,,49.2
7/31/1985,8.331570248,,,,11.17844628,,,,40.8
8/31/1985,8.159404959,,,,8.399206612,,,,32.1
9/30/1985,5.456528926,,,,8.753057851,,,,26.9
10/31/1985,0.437791736,,,,8.516033058,,,,26.6
11/30/1985,0.474247934,,,,11.3414876,,,,27
12/31/1985,0.694809917,,,,21.76661157,,,,27.8
1/31/1986,1.567933884,,,,53.03305785,,,,33.2
2/28/1986,8.658247934,,,,242.5309091,,,,55.3
3/31/1986,16.30036364,,,,172.3497521,,,,55.4
4/30/1986,2.249256198,,,,84.67438017,,,,55.6
5/31/1986,0.472839669,,,,81.53256198,,,,70.5
6/30/1986,2.005289256,,,,42.71206612,,,,69.5
7/31/1986,6.892760331,,,,16.59550413,,,,62.3
8/31/1986,3.886016529,,,,11.49203306,,,,57.8
9/30/1986,8.848264463,,,,13.65024793,,,,48.9
10/31/1986,6.683702479,,,,13.0353719,,,,42.2
11/30/1986,6.366942149,,,,9.229090909,,,,36
12/31/1986,6.253289256,,,,9.050975207,,,,30
1/31/1987,2.650115702,,,,11.76257851,,,,27.8
2/28/1987,1.088528926,,,,32.41150413,,,,28.8
3/31/1987,1.11907438,,,,43.33031405,,,,31.5
4/30/1987,4.867438017,,,,49.51338843,,,,40
5/31/1987,6.493090909,,,,32.19490909,,,,42
6/30/1987,8.152066116,,,,11.26413223,,,,34.5
7/31/1987,6.51768595,,,,8.233190083,,,,27.8
8/31/1987,3.53553719,,,,6.382413223,,,,23.8
9/30/1987,2.945454545,,,,5.646942149,,,,20.3
10/31/1987,1.813884298,,,,6.056528926,,,,18.2
11/30/1987,1.219834711,,,,6.979834711,,,,17
12/31/1987,1.457256198,,,,29.08978512,,,,17.6
1/31/1988,1.069884298,,,,23.59894215,,,,18
2/29/1988,1.087140496,,,,19.67206612,,,,18.4
3/31/1988,1.444958678,,,,30.39332231,,,,22.1
4/30/1988,1.576859504,,,,34.79206612,,,,29.6
5/31/1988,2.576330579,,,,29.47100826,,,,34.3
6/30/1988,7.90214876,,,,15.22115702,,,,28.7
7/31/1988,4.998942149,,,,8.042578512,,,,23.7
8/31/1988,0.422419835,,,,5.939702479,,,,22.9
9/30/1988,0.969917355,,,,5.081652893,,,,21.4
10/31/1988,6.929652893,,,,5.281785124,,,,14.2
11/30/1988,1.636363636,,,,23.81950413,,,,14.9
12/31/1988,1.549487603,,,,13.85930579,,,,14.6
1/31/1989,1.383471074,,,,16.62624793,,,,14.3
2/28/1989,0.733090909,,,,27.60753719,,,,15.8
3/31/1989,3.301884298,,,,163.372562,,,,34.5
4/30/1989,3.094214876,,,,127.2793388,,,,60.1
5/31/1989,8.239338843,,,,85.83669421,,,,70.2
6/30/1989,4.641322314,,,,37.48165289,,,,68.3
7/31/1989,6.345520661,,,,13.95153719,,,,62
8/31/1989,11.12310744,,,,10.04707438,,,,50.7
9/30/1989,2.933553719,,,,9.288595041,,,,47.9
10/31/1989,0.725553719,,,,17.45633058,,,,48.7
11/30/1989,6.027768595,,,,15.5246281,,,,44
12/31/1989,9.807272727,,,,13.31821488,,,,35.3
1/31/1990,0.916165289,,,,25.19761983,,,,37.3
2/28/1990,0.672,,,,18.09957025,,,,38.6
3/31/1990,6.105719008,,,,48.73507438,,,,38.4
4/30/1990,4.790082645,,,,64.91900826,,,,52.3
5/31/1990,3.941355372,,,,48.82730579,,,,59.5
6/30/1990,1.065123967,,,,36.83305785,,,,63.7
7/31/1990,9.561322314,,,,12.27292562,,,,54.1
8/31/1990,14.50492562,,,,7.944198347,,,,39.5
9/30/1990,14.1322314,,,,6.46214876,,,,25.4
10/31/1990,0.897719008,,,,6.905057851,,,,24.5
11/30/1990,0.430214876,,,,7.009586777,,,,24
12/31/1990,0.434717355,,,,7.151008264,,,,23.7
1/31/1991,0.621024793,,,,7.200198347,,,,23.3
2/28/1991,0.810842975,,,,7.89738843,,,,23
3/31/1991,1.555636364,,,,57.44786777,,,,27.1
4/30/1991,1.517355372,,,,57.25487603,,,,33.6
5/31/1991,1.930710744,,,,72.24793388,,,,51.6
6/30/1991,0.958016529,,,,40.67702479,,,,60
7/31/1991,0.651768595,,,,12.83246281,,,,60
8/31/1991,7.298578512,,,,8.472991736,,,,52.2
9/30/1991,7.640330579,,,,6.360991736,,,,44.2
10/31/1991,7.728991736,,,,7.790479339,,,,36.6
11/30/1991,2.403966942,,,,9.074380165,,,,34.7
12/31/1991,0.539246281,,,,9.524429752,,,,34.7
1/31/1992,0.52387438,,,,9.887206612,,,,34.5
2/29/1992,0.87431405,,,,35.29467769,,,,36.3
3/31/1992,1.254347107,,,,39.59186777,,,,40.1
4/30/1992,1.898181818,,,,58.24264463,,,,53.8
5/31/1992,7.24938843,,,,25.7141157,,,,51.9
6/30/1992,11.71636364,,,,10.11570248,,,,40.6
7/31/1992,3.246545455,,,,7.519933884,,,,37.2
8/31/1992,6.154909091,,,,5.146512397,,,,30.6
9/30/1992,5.956363636,,,,4.52231405,,,,24.2
10/31/1992,3.929057851,,,,6.997289256,,,,20.4
11/30/1992,0.411173554,,,,7.860495868,,,,20.3
12/31/1992,0.713256198,,,,18.72912397,,,,21.2
1/31/1993,1.463404959,,,,64.74644628,,,,24.3
2/28/1993,2.032661157,,,,46.45130579,,,,13.7
3/31/1993,8.442247934,,,,121.2535537,,,,19.1
4/30/1993,5.402975207,,,,101.692562,,,,33.4
5/31/1993,8.884958678,,,,161.0360331,,,,71.1
6/30/1993,13.35867769,,,,103.6561983,,,,66.7
7/31/1993,2.631669421,,,,29.17586777,,,,64.1
8/31/1993,0.135272727,,,,14.40654545,,,,63.8
9/30/1993,0.106512397,,,,10.12760331,,,,63.4
10/31/1993,3.879867769,,,,11.35676033,,,,59.2
11/30/1993,19.96363636,,,,9.836033058,,,,38.8
12/31/1993,16.6631405,,,,15.47642975,,,,23.1
1/31/1994,1.248198347,,,,13.21983471,,,,22.4
2/28/1994,0.440965289,,,,17.71080992,,,,22.9
3/31/1994,1.002247934,,,,38.94009917,,,,25.8
4/30/1994,1.475702479,,,,45.34809917,,,,35.8
5/31/1994,1.315834711,,,,47.72052893,,,,47.7
6/30/1994,0.612892562,,,,14.99504132,,,,48.7
7/31/1994,7.132561983,,,,7.962644628,,,,41
8/31/1994,8.245487603,,,,5.878214876,,,,32.2
9/30/1994,7.842644628,,,,5.486280992,,,,24
10/31/1994,3.892165289,,,,7.120264463,,,,19.9
11/30/1994,0.531371901,,,,9.34214876,,,,20.7
12/31/1994,0.506042975,,,,19.68833058,,,,20.7
1/31/1995,1.518743802,,,,131.9523967,,,,28.7
2/28/1995,0.905256198,,,,63.03471074,,,,33.7
3/31/1995,1.088330579,,,,189.0128926,,,,51.6
4/30/1995,0.981818182,,,,126.7438017,,,,55.9
5/31/1995,0.965355372,,,,218.711405,,,,56.6
6/30/1995,0.761652893,,,,187.6760331,,,,66.8
7/31/1995,7.778181818,,,,78.88859504,,,,67.5
8/31/1995,7.329322314,,,,21.85269421,,,,60.7
9/30/1995,16.46479339,,,,13.24561983,,,,43.6
10/31/1995,13.87160331,,,,11.18459504,,,,29.8
11/30/1995,0.475438017,,,,10.24661157,,,,29.4
12/31/1995,1.100628099,,,,43.2134876,,,,34.4
1/31/1996,1.352727273,,,,57.95206612,,,,39.7
2/29/1996,6.747173554,,,,157.1464463,,,,54.6
3/31/1996,10.72958678,,,,89.2185124,,,,54.6
4/30/1996,7.319008264,,,,112.2842975,,,,55.6
5/31/1996,3.191206612,,,,212.0092562,,,,69.4
6/30/1996,1.511404959,,,,65.99008264,,,,68.7
7/31/1996,0.762446281,,,,23.37758678,,,,68.6
8/31/1996,7.452297521,,,,14.08066116,,,,60.4
9/30/1996,8.050909091,,,,11.46644628,,,,52.1
10/31/1996,8.147107438,,,,10.71728926,,,,43.6
11/30/1996,8.015206612,,,,24.09322314,,,,39.1
12/31/1996,8.061024793,,,,181.7573554,,,,54.9
1/31/1997,3.640066116,,,,278.2928926,,,,54.5
2/28/1997,1.244033058,,,,61.92396694,,,,54
3/31/1997,7.606016529,,,,61.79504132,,,,54.6
4/30/1997,10.78214876,,,,85.86446281,,,,64.9
5/31/1997,16.95213223,,,,78.51966942,,,,69.3
6/30/1997,8.80661157,,,,30.70413223,,,,65.8
7/31/1997,5.38631405,,,,15.00297521,,,,60.5
8/31/1997,5.257190083,,,,11.0677686,,,,54.8
9/30/1997,6.241983471,,,,9.502809917,,,,48.6
10/31/1997,10.42214876,,,,10.34221488,,,,38
11/30/1997,6.759669421,,,,15.04264463,,,,32.3
12/31/1997,0.614876033,,,,18.42168595,,,,32.7
1/31/1998,1.076033058,,,,87.92727273,,,,37.2
2/28/1998,0.89414876,,,,80.47338843,,,,41.2
3/31/1998,11.28297521,,,,101.7619835,,,,40.8
4/30/1998,12.18049587,,,,90.98181818,,,,37.7
5/31/1998,18.07735537,,,,147.3857851,,,,47.2
6/30/1998,16.64330579,,,,184.2842975,,,,65.6
7/31/1998,3.049785124,,,,65.42280992,,,,68
8/31/1998,4.888264463,,,,20.42003306,,,,63.2
9/30/1998,10.14545455,,,,15.09024793,,,,53.1
10/31/1998,12.75867769,,,,13.55186777,,,,40.3
11/30/1998,8.997024793,,,,27.02677686,,,,33.5
12/31/1998,0.731702479,,,,42.00218182,,,,35.1
1/31/1999,1.143669421,,,,72.4938843,,,,38.2
2/28/1999,1.327338843,,,,88.58181818,,,,43
3/31/1999,6.88046281,,,,76.3061157,,,,42.3
4/30/1999,13.41818182,,,,75.74876033,,,,41.8
5/31/1999,18.13884298,,,,141.9133884,,,,55.6
6/30/1999,8.044958678,,,,92.29090909,,,,68.3
7/31/1999,6.068826446,,,,25.91087603,,,,64.1
8/31/1999,6.031933884,,,,14.5848595,,,,57.9
9/30/1999,7.003636364,,,,10.90115702,,,,50.5
10/31/1999,9.284628099,,,,11.16,,,,41.2
11/30/1999,2.71338843,,,,13.15041322,,,,39.1
12/31/1999,0.554618182,,,,12.648,,,,38.9
1/31/2000,1.168264463,,,,49.68198347,,,,41.8
2/29/2000,8.323239669,,,,87.20132231,,,,40.4
3/31/2000,10.97553719,,,,72.06347107,,,,36.2
4/30/2000,7.961652893,,,,96.75371901,,,,50.5
5/31/2000,7.292429752,,,,105.8816529,,,,69.9
6/30/2000,7.610578512,,,,38.35636364,,,,67.9
7/31/2000,6.118016529,,,,15.5625124,,,,61.7
8/31/2000,9.395305785,,,,10.69269421,,,,51.7
9/30/2000,9.104132231,,,,9.663471074,,,,42.4
10/31/2000,7.43385124,,,,10.23768595,,2.766942149,,35.2
11/30/2000,0.469487603,,,,9.717024793,,2.975206612,,34.9
12/31/2000,0.461157025,,,,11.36905785,,3.381818182,,34.8
1/31/2001,0.421190083,,,,10.84026446,,3.504793388,,34.7
2/28/2001,0.406532231,,,,13.88429752,,4.165289256,,35
3/31/2001,8.233190083,,,,39.76403306,,4.550082645,,30.3
4/30/2001,4.206942149,,,,44.11041322,,4.284297521,,34.8
5/31/2001,2.687008264,,,,52.72561983,,4.365619835,,46.7
6/30/2001,2.005289256,,,,12.54942149,,3.570247934,,45.1
7/31/2001,6.400859504,,,,8.350016529,,2.336528926,,38.1
8/31/2001,2.551735537,,,,6.696,,1.844628099,,35.2
9/30/2001,2.094545455,,,,6.09322314,,1.725619835,,32.7
10/31/2001,3.590876033,,,,6.296330579,,1.906115702,,28.9
11/30/2001,2.665785124,,,,12.88859504,,2.975206612,,27.5
12/31/2001,0.700958678,,,,28.01375207,,6.579173554,,28.8
1/31/2002,1.211305785,,,,45.55616529,,6.825123967,,31.4
2/28/2002,3.271140496,,,,31.1174876,,6.331239669,,30.9
3/31/2002,6.062677686,,,,50.10624793,,7.194049587,,30.8
4/30/2002,5.968264463,,,,82.47272727,,4.462809917,,45.9
5/31/2002,5.933553719,,,,75.87570248,,4.919008264,,63.3
6/30/2002,3.826115702,,,,33.33421488,,3.748760331,,66.2
7/31/2002,7.120264463,,,,12.00238017,,2.828429752,,58.9
8/31/2002,7.716694215,,,,8.460694215,,2.275041322,,50.5
9/30/2002,7.36661157,,,,7.140495868,,1.904132231,,42.6
10/31/2002,7.052628099,,,,6.818975207,,1.906115702,,35.4
11/30/2002,0.749752066,,,,16.60165289,,3.034710744,,36.4
12/31/2002,1.180561983,,,,49.43603306,,13.21983471,,40.3
1/31/2003,1.524892562,,,,73.29322314,,6.394710744,,45.5
2/28/2003,1.188495868,,,,43.31900826,,3.998677686,,49.6
3/31/2003,4.740694215,,,,62.47140496,,5.964297521,,55.1
4/30/2003,7.92,,,,75.5107438,,6.723966942,,58.8
5/31/2003,16.53401653,,,,136.5024793,,10.26842975,,69.9
6/30/2003,2.606280992,,,,71.8214876,,4.938842975,,69.2
7/31/2003,7.114115702,,,,19.28866116,,3.258842975,,62.4
8/31/2003,7.759735537,,,,13.41044628,,3.197355372,,54.2
9/30/2003,9.056528926,,,,9.365950413,,2.439669421,,44.8
10/31/2003,9.419900826,,,,8.380760331,,2.336528926,,35.1
11/30/2003,1.356694215,,,,9.770578512,,2.975206612,,34.1
12/31/2003,0.842380165,,,,35.3246281,,4.980495868,,36
1/31/2004,0.670214876,,,,31.25414876,,4.550082645,,36.8
2/29/2004,5.424198347,,,,50.10049587,,9.490909091,,34.7
3/31/2004,9.050975207,,,,80.17983471,,4.488595041,,36.5
4/30/2004,6.301487603,,,,78.60495868,,3.808264463,,48.9
5/31/2004,3.658512397,,,,76.2446281,,4.427107438,,65.1
6/30/2004,3.76661157,,,,27.38380165,,3.451239669,,65.4
7/31/2004,7.317024793,,,,12.16224793,,2.459504132,,57.9
8/31/2004,7.267834711,,,,8.55292562,,1.906115702,,50.1
9/30/2004,7.188099174,,,,7.372561983,,1.785123967,,42.3
10/31/2004,7.569123967,,,,10.48363636,,2.520991736,,35.1
11/30/2004,0.791404959,,,,10.30016529,,2.915702479,,34.8
12/31/2004,0.633322314,,,,20.088,,4.181157025,,35.7
1/31/2005,0.657917355,,,,30.98360331,,4.919008264,,36.8
2/28/2005,2.699107438,,,,32.66142149,,3.665454545,,35.9
3/31/2005,6.726743802,,,,65.29983471,,,,35.4
4/30/2005,7.348760331,,,,73.42809917,,,,40.1
5/31/2005,7.667504132,,,,202.7246281,,,,63.1
6/30/2005,10.21090909,,,,84.13884298,,,,69
7/31/2005,7.07722314,,,,25.41897521,,,,63.7
8/31/2005,7.796628099,,,,12.9431405,,,,55.4
9/30/2005,9.990743802,,,,10.03239669,,,,45
10/31/2005,9.844165289,,,,10.0593719,,,,35.1
11/30/2005,0.648595041,,,,12.71603306,,,,35.3
12/31/2005,3.627768595,,,,165.9550413,,,,58.1
1/31/2006,10.34221488,,,,117.1953719,,,,54.7
2/28/2006,6.786644628,,,,89.47041322,,,,56.3
3/31/2006,6.51768595,,,,89.03404959,,,,54.8
4/30/2006,1.267438017,,,,170.2413223,,,,56.2
5/31/2006,1.426512397,,,,215.8829752,,,,64.9
6/30/2006,11.18677686,,,,85.38842975,,,,68.1
7/31/2006,9.690446281,,,,25.12998347,,,,58.9
8/31/2006,9.315371901,,,,14.24052893,,,,49.1
9/30/2006,8.610247934,,,,10.60363636,,,,40.1
10/31/2006,7.083371901,,,,10.31147107,,,,32.8
11/30/2006,0.574809917,,,,13.39438017,,,,33.1
12/31/2006,0.719404959,,,,28.43186777,,,,33.9
1/31/2007,0.75014876,,,,22.39378512,,,,34.4
2/28/2007,1.17738843,,,,48.94492562,,,,37.6
3/31/2007,1.383471074,,,,56.34109091,,,,43.8
4/30/2007,1.487603306,,,,51.58413223,,,,54.8
5/31/2007,4.138115702,,,,52.97771901,,,,63.7
6/30/2007,6.182479339,,,,17.38710744,,,,59
7/31/2007,6.118016529,,,,9.905652893,,,,52.6
8/31/2007,5.908958678,,,,7.901157025,,,,46.2
9/30/2007,4.325950413,,,,7.211900826,,,,41.5
10/31/2007,3.53553719,,,,9.585917355,,,,38.4
11/30/2007,3.284628099,,,,8.336528926,,,,35.2
12/31/2007,0.836231405,,,,9.764231405,,,,35
1/31/2008,0.587821488,,,,18.5692562,,,,36.2
2/29/2008,0.511933884,,,,22.24323967,,,,36.7
3/31/2008,0.977652893,,,,38.41745455,,,,38.5
4/30/2008,1.689917355,,,,53.75008264,,,,48
5/31/2008,8.55907438,,,,84.91438017,,,,64.6
6/30/2008,8.366280992,,,,23.57553719,,,,60.3
7/31/2008,8.239338843,,,,10.04092562,,,,52
8/31/2008,6.917355372,,,,7.544528926,,,,44.5
9/30/2008,4.468760331,,,,6.253884298,,,,39.1
10/31/2008,4.464,,,,6.868165289,,,,32.6
11/30/2008,2.975206612,,,,12.4661157,,,,31.2
12/31/2008,0.496819835,,,,9.161652893,,,,31.5
1/31/2009,0.676363636,,,,18.80290909,,,,32.1
2/28/2009,1.094082645,,,,40.36998347,,,,35.3
3/31/2009,1.832330579,,,,78.27371901,,,,42.3
4/30/2009,2.719338843,,,,64.68099174,,,,55
5/31/2009,6.548429752,,,,129.8618182,,,,67.1
6/30/2009,8.277024793,,,,29.90082645,,,,63.6
7/31/2009,8.042578512,,,,12.27292562,,,,55.3
8/31/2009,7.495338843,,,,8.798876033,,,,47.3
9/30/2009,5.96231405,,,,6.961983471,,,,40.8
10/31/2009,4.919008264,,,,9.11246281,,,,35
11/30/2009,3.385785124,,,,7.75338843,,,,31.8
12/31/2009,0.486981818,,,,10.87715702,,,,32
1/31/2010,0.601963636,,,,24.26300826,,,,32.7
2/28/2010,0.583140496,,,,25.71371901,,,,33.2
3/31/2010,1.008396694,,,,42.15590083,,,,35.3
4/30/2010,1.707768595,,,,67.18016529,,,,42.7
5/31/2010,11.9654876,,,,99.36396694,,,,54.1
6/30/2010,18.36892562,,,,125.6727273,,,,68.3
7/31/2010,10.17004959,,,,27.45421488,,,,60.5
8/31/2010,9.30307438,,,,12.21758678,,,,50.5
9/30/2010,7.473719008,,,,9.17553719,,,,42.5
10/31/2010,6.450049587,,,,17.72687603,,,,38.5
11/30/2010,6.200330579,,,,19.02347107,,,,34.6
12/31/2010,4.586975207,,,,102.4383471,,,,39.1
1/31/2011,1.076033058,,,,47.84965289,,,,41.4
2/28/2011,0.877487603,,,,37.2821157,,,,43.4
3/31/2011,1.014545455,,,,100.5322314,,,,47.5
4/30/2011,1.392396694,,,,138.3471074,,,,55.1
5/31/2011,1.776991736,,,,144.1884298,,,,55
6/30/2011,7.729586777,,,,182.8561983,,,,67.5
7/31/2011,9.032528926,,,,83.31570248,,,,65.3
8/31/2011,8.73738843,,,,22.33844628,,,,57.1
9/30/2011,7.051239669,,,,13.44793388,,,,49.9
10/31/2011,6.33322314,,,,14.77547107,,,,43.9
11/30/2011,3.897520661,,,,12.76958678,,,,40.3
12/31/2011,1.887669421,,,,11.05547107,,,,38.5
1/31/2012,2.05368595,,,,19.47312397,,,,38
2/29/2012,1.857917355,,,,14.2766281,,,,37.1
3/31/2012,2.926809917,,,,75.19933884,,,,40.2
4/30/2012,4.682975207,,,,106.8099174,,,,55.6
5/31/2012,7.083371901,,,,89.58743802,,,,67.6
6/30/2012,8.526942149,,,,28.14545455,,,,61.8
7/31/2012,8.393057851,,,,13.05381818,,,,53.2
8/31/2012,8.054876033,,,,9.032528926,,,,44.6
9/30/2012,7.432066116,,,,7.140495868,,,,36.6
10/31/2012,1.500297521,,,,8.153256198,,,,35.2
11/30/2012,1.767272727,,,,37.97553719,,,,38.3
12/31/2012,3.123570248,,,,103.7910744,,,,50.8
1/31/2013,1.531041322,,,,33.08033058,,,,52.1
2/28/2013,1.377322314,,,,26.16357025,,,,53.1
3/31/2013,2.662413223,,,,40.48343802,,,,55.1
4/30/2013,1.112727273,,,,51.61983471,,,,65.5
5/31/2013,6.191801653,,,,29.76614876,,,,66.4
6/30/2013,7.372561983,,,,13.70975207,,,,59.9
7/31/2013,7.44,,,,8.589818182,,,,52.1
8/31/2013,7.360066116,,,,6.542280992,,,,44.1
9/30/2013,5.325619835,,,,6.747768595,,,,38.5
10/31/2013,4.513190083,,,,6.585322314,,,,33.5
11/30/2013,0.958016529,,,,6.884628099,,,,32.6
12/31/2013,0.455008264,,,,7.206347107,,,,32.2
1/31/2014,0.474069421,,,,7.390809917,,,,32.1
2/28/2014,1.238479339,,,,34.78294215,,,,35.3
3/31/2014,1.383471074,,,,50.06320661,,,,40.6
4/30/2014,1.207933884,,,,46.75239669,,,,48.5
5/31/2014,4.359471074,,,,26.17527273,,,,50.2
6/30/2014,4.796033058,,,,10.12165289,,,,45.5
7/31/2014,4.783735537,,,,7.200198347,,,,40.3
8/31/2014,3.197355372,,,,6.124165289,,,,36.8
9/30/2014,2.040991736,,,,5.24231405,,,,34.4
10/31/2014,2.158214876,,,,5.988892562,,,,32.1
11/30/2014,0.500429752,,,,7.759338843,,,,32.2
12/31/2014,1.444958678,,,,51.13923967,,,,37.7
1/31/2015,0.830082645,,,,19.82360331,,,,39.6
2/28/2015,1.493950413,,,,49.91682645,,,,49.8
3/31/2015,0.811636364,,,,18.75986777,,,,53.2
4/30/2015,1.481652893,,,,14.92363636,,,,54.8
5/31/2015,3.646214876,,,,12.45123967,,,,53.3
6/30/2015,3.570247934,,,,7.432066116,,,,49.9
7/31/2015,8.202446281,,,,5.675305785,,,,41.6
8/31/2015,3.363371901,,,,4.445553719,,,,37.7
9/30/2015,2.540826446,,,,4.11768595,,,,34.6
10/31/2015,2.612231405,,,,4.863669421,,,,31.8
11/30/2015,2.532892562,,,,5.920661157,,,,29.4
12/31/2015,1.284892562,,,,24.34294215,,,,30.6
1/31/2016,1.44892562,,,,68.98909091,,,,35.7
2/29/2016,1.705785124,,,,55.25434711,,,,42
3/31/2016,8.562644628,,,,163.7414876,,,,54.9
4/30/2016,14.00727273,,,,99.60991736,,,,58.6
5/31/2016,12.27570248,,,,86.82049587,,,,68.5
6/30/2016,8.790743802,,,,34.90512397,,,,64.7
7/31/2016,7.739504132,,,,13.38585124,,,,56.7
8/31/2016,7.685950413,,,,8.958743802,,,,48.4
9/30/2016,7.428099174,,,,7.253553719,,,,40.3
10/31/2016,6.04905124,,,,23.32224793,,,,37.87
11/30/2016,1.028826446,,,,27.06247934,,,,40.72
12/31/2016,7.08,,,,106.8654545,,,,54.64
1/31/2017,6.029355372,,,,191.5953719,,,,54.6
2/28/2017,1.375735537,,,,292.2366942,,,,54.76
3/31/2017,1.218842975,,,,135.2112397,,,,55.1
4/30/2017,1.21646281,,,,185.5933884,,,,55.58
5/31/2017,1.177190083,,,,208.0740496,,,,57.04
6/30/2017,4.938049587,,,,118.4727273,,,,65.99
7/31/2017,10.32198347,,,,32.16416529,,,,57.89
8/31/2017,9.27292562,,,,15.80846281,,,,48.51
9/30/2017,5.499371901,,,,12.04958678,,,,43.01
10/31/2017,5.589421488,,,,11.04932231,,,,37.7
11/30/2017,3.572231405,,,,53.56561983,,,,41.6
12/31/2017,0.916363636,,,,21.95107438,,,,42.9
1/31/2018,1.319008264,,,,44.00667769,,,,49.1
2/28/2018,0.842975207,,,,22.57031405,,,,51.4
3/31/2018,5.567603306,,,,109.6938843,,,,55
4/30/2018,9.810247934,,,,128.1719008,,,,63.7
5/31/2018,8.550743802,,,,56.16892562,,,,68.1
6/30/2018,7.71768595,,,,21.36793388,,,,62.1
7/31/2018,8.106446281,,,,11.75642975,,,,54
8/31/2018,8.040991736,,,,8.417652893,,,,45.6
9/30/2018,6.432396694,,,,6.801322314,,,,38.8
10/31/2018,4.583801653,,,,7.114115702,,,,34.1
11/30/2018,1.410049587,,,,11.44859504,,,,33.4
12/31/2018,0.560132231,,,,14.01302479,,,,33.4
1/31/2019,0.972495868,,,,45.85745455,,,,35.1
2/28/2019,1.475702479,,,,74.08661157,,,,41.1
3/31/2019,1.529256198,,,,103.6680992,,,,45.8
4/30/2019,4.978512397,,,,160.8991736,,,,55.8
5/31/2019,13.84859504,,,,147.9391736,,,,59.9
6/30/2019,12.91834711,,,,123.292562,,,,68.3
7/31/2019,7.908099174,,,,30.35028099,,,,62.6
8/31/2019,7.674049587,,,,15.04601653,,,,54.7
9/30/2019,7.350743802,,,,11.88892562,,,,47.4
10/31/2019,5.030479339,,,,10.8648595,,,,42.2
11/30/2019,3.104826446,,,,9.098181818,,,,39.2
12/31/2019,0.835715702,,,,31.23570248,,,,40.5
1/31/2020,0.649963636,,,,23.86333884,,,,41.1
2/29/2020,0.701157025,,,,19.97117355,,,,41.4
3/31/2020,0.788033058,,,,22.94102479,,,,43.4
4/30/2020,2.00092562,,,,71.58347107,,,,54.7
5/31/2020,6.457983471,,,,78.82710744,,,,68.2
6/30/2020,7.376528926,,,,25.13454545,,,,63.8
7/31/2020,7.380495868,,,,11.17229752,,,,56.6
8/31/2020,7.324958678,,,,7.710545455,,,,49
9/30/2020,6.129917355,,,,5.950413223,,,,42.6
10/31/2020,5.278016529,,,,5.785983471,,,,37.1
11/30/2020,1.280330579,,,,7.604628099,,,,36.2
12/31/2020,0.473454545,,,,8.854214876,,,,36
1/31/2021,0.50538843,,,,11.27067769,,,,36.2
2/28/2021,0.535735537,,,,17.02214876,,,,36.3
3/31/2021,0.729917355,,,,19.80515702,,,,36.7
4/30/2021,1.29322314,,,,36.4938843,,,,43.5
5/31/2021,3.006942149,,,,29.32343802,,,,49.3
6/30/2021,5.444628099,,,,8.931570248,,,,44.6
7/31/2021,5.761983471,,,,5.847471074,,,,38.4
8/31/2021,5.831404959,,,,4.814479339,,,,32.2
9/30/2021,5.607272727,,,,4.647272727,,,,26.5
